Time,PosX,PosY,PosZ,VelX,VelY,VelZ,KineticEnergy
2.7,0.427817,-7.69999,4.69545,-4.81415,0.175797,-1.64615,13.384
2.75,0.190862,-7.68118,4.60847,-4.68549,0.50802,-1.80092,13.1456
2.8,-0.0388824,-7.64619,4.51398,-4.53123,0.825262,-1.94787,12.9144
2.85,-0.260206,-7.59585,4.4124,-4.3537,1.12572,-2.08654,12.6914
2.9,-0.472019,-7.53102,4.30413,-4.15533,1.40794,-2.21656,12.4779
2.95,-0.673352,-7.45266,4.18964,-3.93861,1.67078,-2.33769,12.2748
3,-0.863364,-7.36176,4.06935,-3.70604,1.91346,-2.44979,12.083
3.05,-1.04134,-7.25934,3.94374,-3.4601,2.13546,-2.55283,11.9032
3.1,-1.20667,-7.14645,3.81324,-3.20315,2.33657,-2.64688,11.7361
3.15,-1.35889,-7.02413,3.6783,-2.93747,2.51679,-2.7321,11.582
3.2,-1.49762,-6.89342,3.53936,-2.66519,2.67637,-2.80873,11.4415
3.25,-1.62258,-6.75534,3.39684,-2.38828,2.81571,-2.87708,11.3147
3.3,-1.73361,-6.61089,3.25115,-2.10854,2.93538,-2.9375,11.2019
3.35,-1.83061,-6.46103,3.10265,-1.82759,3.03602,-2.99042,11.1032
3.4,-1.91357,-6.30668,2.95173,-1.54688,3.1184,-3.03628,11.0185
3.45,-1.98253,-6.14875,2.79871,-1.26769,3.18331,-3.07556,10.9479
3.5,-2.0376,-5.98807,2.64392,-0.991126,3.23159,-3.10875,10.8913
3.55,-2.07896,-5.82545,2.48763,-0.718145,3.26409,-3.13638,10.8484
3.6,-2.10679,-5.66166,2.33011,-0.449561,3.28164,-3.15895,10.8192
3.65,-2.12134,-5.49743,2.17161,-0.186059,3.28506,-3.17697,10.8032
3.7,-2.12288,-5.33342,2.01232,0.0717902,3.27513,-3.19096,10.8004
3.75,-2.11171,-5.17029,1.85245,0.323518,3.25261,-3.20141,10.8103
3.8,-2.08816,-5.00864,1.69215,0.568742,3.21817,-3.2088,10.8328
3.85,-2.05254,-4.84906,1.53155,0.807152,3.17248,-3.2136,10.8673
3.9,-2.00521,-4.69209,1.37079,1.0385,3.11612,-3.21627,10.9136
3.95,-1.94653,-4.53824,1.20994,1.26259,3.04964,-3.21722,10.9714
4,-1.87688,-4.388,1.04908,1.47925,2.97351,-3.21686,11.0402
4.05,-1.79661,-4.24185,0.888276,1.68835,2.88818,-3.21557,11.1196
4.1,-1.70612,-4.10023,0.727551,1.88977,2.79403,-3.21372,11.2094
4.15,-1.60579,-3.96357,0.566927,2.08341,2.69141,-3.21164,11.3091
4.2,-1.49601,-3.8323,0.406405,2.26915,2.58061,-3.20964,11.4183
4.25,-1.37719,-3.7068,0.245974,2.4469,2.46188,-3.20801,11.5366
4.3,-1.24973,-3.58746,0.0856065,2.61652,2.33546,-3.20702,11.6637
4.35,-1.11403,-3.47468,-0.0747366,2.7779,2.20152,-3.20689,11.799
4.4,-0.970508,-3.36881,-0.235105,2.93086,2.06025,-3.20785,11.9422
4.45,-0.819599,-3.27023,-0.39556,3.07525,1.91177,-3.21009,12.0929
4.5,-0.661733,-3.17928,-0.556168,3.21084,1.7562,-3.21377,12.2506
4.55,-0.497357,-3.09632,-0.717008,3.33741,1.59365,-3.21903,12.4149
4.6,-0.326931,-3.02169,-0.878161,3.45468,1.42421,-3.22599,12.5853
4.65,-0.150928,-2.95574,-1.03972,3.56233,1.24797,-3.23472,12.7614
4.7,0.0301599,-2.8988,-1.20176,3.66003,1.065,-3.24528,12.9425
4.75,0.215824,-2.85121,-1.36439,3.74738,0.875385,-3.2577,13.1284
4.8,0.405534,-2.8133,-1.5277,3.82393,0.679224,-3.27197,13.3183
4.85,0.598734,-2.7854,-1.69177,3.88919,0.476615,-3.28805,13.5118
4.9,0.794846,-2.76781,-1.8567,3.94263,0.267679,-3.30587,13.7083
4.95,0.993259,-2.76085,-2.02257,3.98365,0.052566,-3.3253,13.9072
5,1.19333,-2.76483,-2.18946,4.0116,-0.168543,-3.34619,14.1078
5.05,1.39439,-2.78005,-2.35743,4.02577,-0.395422,-3.36832,14.3094
5.1,1.59573,-2.80677,-2.52653,4.0254,-0.627792,-3.39146,14.5115
5.15,1.79659,-2.84526,-2.69682,4.00966,-0.865308,-3.41528,14.7131
5.2,1.99618,-2.89578,-2.86831,3.9777,-1.10755,-3.43942,14.9135
5.25,2.19367,-2.95853,-3.041,3.92857,-1.35399,-3.46346,15.1118
5.3,2.38815,-3.03372,-3.21488,3.8613,-1.60401,-3.4869,15.3073
5.35,2.5787,-3.1215,-3.3899,3.77489,-1.85686,-3.50918,15.4989
5.4,2.76433,-3.22198,-3.56598,3.6683,-2.11162,-3.52965,15.6857
5.45,2.944,-3.33522,-3.74301,3.54047,-2.36722,-3.54759,15.8666
5.5,3.11661,-3.46124,-3.92084,3.39037,-2.62239,-3.5622,16.0405
5.55,3.28102,-3.59997,-4.09929,3.21699,-2.87566,-3.5726,16.2064
5.6,3.43604,-3.75126,-4.2781,3.01939,-3.12531,-3.57782,16.3629
5.65,3.58043,-3.91488,-4.45698,2.79673,-3.36935,-3.5768,16.5089
5.7,3.71292,-4.09047,-4.6356,2.54833,-3.60554,-3.56841,16.643
5.75,3.83221,-4.27756,-4.81355,2.27372,-3.83135,-3.55146,16.7641
5.8,3.93697,-4.47557,-4.99036,1.97267,-4.04395,-3.52468,16.8707
5.85,4.02588,-4.68373,-5.16551,1.64532,-4.24024,-3.48678,16.9616
5.9,4.09766,-4.90112,-5.33839,1.29219,-4.41683,-3.43642,17.0353
5.95,4.15103,-5.12666,-5.50834,0.914321,-4.57014,-3.3723,17.0908
6,4.1848,-5.35907,-5.67464,0.5133,-4.69637,-3.29312,17.1267
6.05,4.19789,-5.59688,-5.83651,0.0913679,-4.79165,-3.1977,17.1419
6.1,4.18932,-5.83843,-5.99308,-0.348526,-4.8521,-3.08494,17.1355
6.15,4.15832,-6.08185,-6.14347,-0.802674,-4.87395,-2.95393,17.1067
6.2,4.1043,-6.32511,-6.28675,-1.26658,-4.85369,-2.80399,17.0548
6.25,4.02692,-6.56602,-6.42194,-1.73499,-4.78826,-2.63468,16.9796
6.3,3.92615,-6.80223,-6.54809,-2.20187,-4.67516,-2.44593,16.8808
6.35,3.80225,-7.03132,-6.66423,-2.66059,-4.51268,-2.23799,16.7588
6.4,3.65584,-7.25077,-6.76941,-3.10396,-4.30006,-2.01157,16.6141
6.45,3.48792,-7.4581,-6.86274,-3.52449,-4.03761,-1.76777,16.4478
6.5,3.29986,-7.65085,-6.9434,-3.91456,-3.72685,-1.50817,16.261
6.55,3.0934,-7.82668,-7.01065,-4.2667,-3.37057,-1.23475,16.0557
6.6,2.87065,-7.98343,-7.06389,-4.57387,-2.97283,-0.949921,15.8337
6.65,2.63407,-8.11918,-7.10261,-4.82974,-2.53887,-0.656452,15.5976
6.7,2.38637,-8.23232,-7.12647,-5.02895,-2.07506,-0.357394,15.3501
6.75,2.13052,-8.32155,-7.1353,-5.16733,-1.58862,-0.0560102,15.0941
6.8,1.86965,-8.38599,-7.12908,-5.24212,-1.08745,0.24433,14.8328
6.85,1.60699,-8.42515,-7.10796,-5.25204,-0.579791,0.540249,14.5693
6.9,1.34577,-8.43894,-7.07227,-5.19731,-0.0739521,0.828467,14.3069
6.95,1.08919,-8.4277,-7.02247,-5.07968,0.421984,1.1059,14.0489
7,0.840295,-8.39216,-6.9592,-4.90224,0.900446,1.36976,13.7983
7.05,0.60196,-8.33341,-6.88321,-4.66928,1.3546,1.61759,13.558
7.1,0.376803,-8.25283,-6.79536,-4.38606,1.77854,1.84736,13.3307
7.15,0.16716,-8.15208,-6.69661,-4.05858,2.16741,2.05749,13.1187
7.2,-0.0249489,-8.03305,-6.58797,-3.6933,2.51743,2.24684,12.9241
7.25,-0.197833,-7.89775,-6.47051,-3.2969,2.82596,2.41473,12.7487
7.3,-0.350138,-7.74832,-6.3453,-2.87606,3.09138,2.5609,12.5938
7.35,-0.480835,-7.58692,-6.21343,-2.43724,3.31308,2.68547,12.4605
7.4,-0.589213,-7.41575,-6.07597,-1.98656,3.49127,2.78891,12.3495
7.45,-0.674848,-7.23695,-5.93395,-1.52967,3.62689,2.87201,12.2612
7.5,-0.737586,-7.05261,-5.78836,-1.07164,3.72146,2.93575,12.196
7.55,-0.777506,-6.86472,-5.64014,-0.616966,3.77694,2.98134,12.1537
7.6,-0.794895,-6.67517,-5.49014,-0.169531,3.79563,3.01009,12.134
7.65,-0.790217,-6.48573,-5.33918,0.267381,3.78,3.02343,12.1365
7.7,-0.76408,-6.29802,-5.18798,0.691045,3.73267,3.02281,12.1606
7.75,-0.717216,-6.11357,-5.03718,1.09926,3.65624,3.0097,12.2056
7.8,-0.65045,-5.93375,-4.88738,1.49029,3.55332,2.98557,12.2706
7.85,-0.564684,-5.7598,-4.73908,1.8628,3.42641,2.95184,12.3548
7.9,-0.460873,-5.59285,-4.59271,2.21584,3.27791,2.90986,12.4571
7.95,-0.340013,-5.43392,-4.44866,2.54872,3.11008,2.86093,12.5767
8,-0.203125,-5.2839,-4.30724,2.86104,2.92503,2.80626,12.7125
8.05,-0.0512433,-5.1436,-4.16868,3.15258,2.72471,2.74698,12.8634
8.1,0.11459,-5.01373,-4.03321,3.42328,2.51095,2.68412,13.0284
8.15,0.293336,-4.8949,-3.90096,3.67324,2.2854,2.61865,13.2065
8.2,0.483961,-4.78767,-3.77204,3.90263,2.0496,2.55143,13.3966
8.25,0.685446,-4.69249,-3.64651,4.11171,1.80496,2.48325,13.5977
8.3,0.896783,-4.60978,-3.5244,4.3008,1.55278,2.41481,13.8088
8.35,1.11698,-4.53988,-3.4057,4.47025,1.29425,2.34676,14.0289
8.4,1.34508,-4.48306,-3.29038,4.62044,1.03048,2.27966,14.257
8.45,1.58012,-4.43956,-3.17838,4.75177,0.762506,2.214,14.4921
8.5,1.82116,-4.40956,-3.0696,4.86465,0.491283,2.15024,14.7334
8.55,2.06731,-4.3932,-2.96394,4.95951,0.217717,2.08874,14.9799
8.6,2.31768,-4.39056,-2.86128,5.03677,-0.0573412,2.02985,15.2307
8.65,2.57139,-4.4017,-2.76148,5.09685,-0.333086,1.97386,15.4849
8.7,2.82759,-4.42662,-2.66439,5.14019,-0.608748,1.921,15.7418
8.75,3.08548,-4.46531,-2.56984,5.1672,-0.883597,1.87148,16.0004
8.8,3.34423,-4.5177,-2.47766,5.17831,-1.15693,1.82546,16.2599
8.85,3.60308,-4.58369,-2.38767,5.17396,-1.42807,1.78307,16.5197
8.9,3.86126,-4.66315,-2.29969,5.15458,-1.69637,1.74442,16.7788
8.95,4.11802,-4.75593,-2.21353,5.1206,-1.96121,1.70956,17.0366
9,4.37267,-4.86183,-2.129,5.07247,-2.22199,1.67854,17.2923
9.05,4.62449,-4.98064,-2.0459,5.01063,-2.47813,1.65137,17.5453
9.1,4.87282,-5.11209,-1.96405,4.93553,-2.72907,1.62804,17.7948
9.15,5.11701,-5.25593,-1.88325,4.84762,-2.97428,1.60849,18.0402
9.2,5.35643,-5.41184,-1.80331,4.74737,-3.21326,1.59267,18.2809
9.25,5.59048,-5.57949,-1.72406,4.63524,-3.44552,1.58048,18.5163
9.3,5.81858,-5.75855,-1.64531,4.5117,-3.67059,1.5718,18.7458
9.35,6.04017,-5.94864,-1.56689,4.37723,-3.88806,1.56651,18.9688
9.4,6.25473,-6.14936,-1.48864,4.2323,-4.09751,1.56442,19.1848
9.45,6.46174,-6.3603,-1.41041,4.07738,-4.29856,1.56536,19.3932
9.5,6.66071,-6.58103,-1.33204,3.91297,-4.49085,1.56911,19.5937
9.55,6.85119,-6.81111,-1.2534,3.73952,-4.67407,1.57543,19.7857
9.6,7.03274,-7.05006,-1.17438,3.55751,-4.84791,1.58407,19.9687
9.65,7.20494,-7.29742,-1.09486,3.36742,-5.01209,1.59475,20.1425
9.7,7.36741,-7.5527,-1.01476,3.16969,-5.16638,1.60715,20.3065
9.75,7.51978,-7.81538,-0.933992,2.96477,-5.31055,1.62095,20.4604
9.8,7.66169,-8.08497,-0.852503,2.75312,-5.44441,1.6358,20.6038
9.85,7.79283,-8.36093,-0.770249,2.53517,-5.56777,1.65133,20.7365
9.9,7.9129,-8.64274,-0.687209,2.31132,-5.68048,1.66714,20.8581
9.95,8.02161,-8.92987,-0.60338,2.082,-5.78241,1.68283,20.9683
10,8.11869,-9.22176,-0.518781,1.8476,-5.87342,1.69797,21.0669
10.05,8.20392,-9.51788,-0.433453,1.60851,-5.95341,1.71212,21.1536
10.1,8.27706,-9.81766,-0.34746,1.36511,-6.02226,1.72481,21.2282
10.15,8.33791,-10.1205,-0.260887,1.11779,-6.07988,1.7356,21.2905
10.2,8.38629,-10.426,-0.173845,0.866911,-6.12618,1.74399,21.3403
10.25,8.42202,-10.7334,-0.0864668,0.612857,-6.16106,1.74952,21.3774
10.3,8.44497,-11.0422,0.00108879,0.356011,-6.18441,1.75169,21.4017
10.35,8.455,-11.3518,0.0886401,0.096767,-6.19614,1.75004,21.4131
10.4,8.45201,-11.6616,0.175981,-0.16446,-6.19613,1.74408,21.4114
10.45,8.43591,-11.9711,0.262883,-0.427235,-6.18427,1.73335,21.3965
10.5,8.40664,-12.2797,0.349094,-0.69109,-6.16042,1.7174,21.3685
10.55,8.36415,-12.5867,0.43434,-0.955522,-6.12446,1.69582,21.3272
10.6,8.30844,-12.8915,0.518328,-1.21999,-6.07626,1.66821,21.2726
10.65,8.23952,-13.1936,0.600744,-1.48389,-6.01567,1.6342,21.2048
10.7,8.15744,-13.4922,0.68126,-1.74658,-5.94258,1.59348,21.1238
10.75,8.06228,-13.7868,0.759531,-2.00736,-5.85685,1.54576,21.0296
10.8,7.95415,-14.0767,0.835201,-2.26546,-5.7584,1.49085,20.9224
10.85,7.83323,-14.3614,0.907904,-2.52006,-5.64713,1.42857,20.8024
10.9,7.6997,-14.6401,0.977272,-2.77029,-5.52301,1.35886,20.6696
10.95,7.55381,-14.9122,1.04293,-3.01519,-5.38604,1.28171,20.5245
11,7.39587,-15.177,1.10451,-3.25379,-5.23628,1.19719,20.3672
11.05,7.22621,-15.434,1.16165,-3.48507,-5.07385,1.10546,20.1982
11.1,7.04523,-15.6825,1.21399,-3.70796,-4.89894,1.00679,20.0177
11.15,6.85339,-15.9219,1.26119,-3.92142,-4.71183,0.901527,19.8263
11.2,6.65119,-16.1516,1.30295,-4.12436,-4.51289,0.790105,19.6245
11.25,6.43918,-16.3709,1.33897,-4.31574,-4.30257,0.673064,19.4127
11.3,6.21798,-16.5795,1.36898,-4.49455,-4.08143,0.551026,19.1917
11.35,5.98823,-16.7766,1.39275,-4.65985,-3.85012,0.424697,18.962
11.4,5.75065,-16.962,1.41011,-4.81075,-3.60938,0.294855,18.7244
11.45,5.50598,-17.135,1.42088,-4.94646,-3.36006,0.162341,18.4796
11.5,5.255,-17.2953,1.42497,-5.06633,-3.10305,0.0280477,18.2284
11.55,4.99851,-17.4426,1.42232,-5.16979,-2.83935,-0.107098,17.9716
11.6,4.73736,-17.5765,1.41292,-5.25644,-2.56999,-0.242145,17.71
11.65,4.47238,-17.6968,1.39678,-5.32599,-2.29604,-0.37614,17.4445
11.7,4.20444,-17.8033,1.37401,-5.37833,-2.01861,-0.508139,17.1759
11.75,3.9344,-17.8958,1.34471,-5.41347,-1.7388,-0.637226,16.9052
11.8,3.66312,-17.9743,1.30908,-5.43156,-1.45772,-0.762526,16.6331
11.85,3.39143,-18.0388,1.26731,-5.4329,-1.17644,-0.883222,16.3605
11.9,3.12017,-18.0892,1.21966,-5.41788,-0.895993,-0.998565,16.0883
11.95,2.85014,-18.1256,1.16643,-5.38701,-0.61737,-1.10789,15.8172
12,2.58212,-18.1482,1.10793,-5.34089,-0.341496,-1.2106,15.5481
12.05,2.31684,-18.1571,1.0445,-5.28018,-0.0692269,-1.30622,15.2816
12.1,2.05501,-18.1525,0.976515,-5.20559,0.198652,-1.39435,15.0186
12.15,1.79731,-18.1346,0.904355,-5.11788,0.461431,-1.47469,14.7596
12.2,1.54437,-18.1038,0.828417,-5.01781,0.718475,-1.54706,14.5053
12.25,1.29679,-18.0604,0.749103,-4.90612,0.969222,-1.61135,14.2563
12.3,1.05512,-18.0045,0.666817,-4.78358,1.21318,-1.66755,14.0132
12.35,0.819878,-17.9368,0.581962,-4.6509,1.44991,-1.71574,13.7766
12.4,0.591561,-17.8574,0.494934,-4.50876,1.67905,-1.75608,13.5468
12.45,0.370618,-17.7667,0.406119,-4.35781,1.90025,-1.7888,13.3243
12.5,0.157471,-17.6653,0.315889,-4.19863,2.11325,-1.81419,13.1097
12.55,-0.0474844,-17.5535,0.224599,-4.03177,2.31777,-1.83263,12.9032
12.6,-0.24388,-17.4317,0.132585,-3.85773,2.51359,-1.84452,12.7053
12.65,-0.431369,-17.3003,0.0401619,-3.67697,2.70051,-1.85032,12.5163
12.7,-0.60963,-17.16,-0.0523814,-3.48988,2.87832,-1.85052,12.3365
12.75,-0.778356,-17.0109,-0.144781,-3.29684,3.04682,-1.84565,12.1663
12.8,-0.93726,-16.8538,-0.236799,-3.09819,3.20583,-1.83627,12.0058
12.85,-1.08607,-16.689,-0.328227,-2.89426,3.35516,-1.82295,11.8555
12.9,-1.22454,-16.517,-0.418887,-2.68533,3.49461,-1.80627,11.7155
12.95,-1.35241,-16.3383,-0.508627,-2.4717,3.62399,-1.78684,11.5862
13,-1.46947,-16.1535,-0.597329,-2.25366,3.7431,-1.76525,11.4676
13.05,-1.57551,-15.9631,-0.684902,-2.03151,3.85172,-1.74212,11.3601
13.1,-1.67032,-15.7675,-0.771288,-1.80554,3.94965,-1.71803,11.2639
13.15,-1.75372,-15.5674,-0.856457,-1.57608,4.03668,-1.69359,11.179
13.2,-1.82556,-15.3632,-0.940408,-1.34348,4.11259,-1.66939,11.1058
13.25,-1.88569,-15.1556,-1.02317,-1.10811,4.1772,-1.64599,11.0443
13.3,-1.93397,-14.9451,-1.1048,-0.870356,4.23028,-1.62396,10.9947
13.35,-1.9703,-14.7323,-1.18539,-0.630665,4.27166,-1.60384,10.957
13.4,-1.9946,-14.5178,-1.26504,-0.389498,4.30116,-1.58615,10.9314
13.45,-2.00682,-14.3022,-1.34389,-0.147357,4.31862,-1.57141,10.9179
13.5,-2.00691,-14.086,-1.42211,0.0952213,4.32389,-1.56009,10.9166
13.55,-1.99487,-13.87,-1.49987,0.337663,4.31685,-1.55265,10.9275
13.6,-1.97073,-13.6547,-1.57739,0.579362,4.29741,-1.54955,10.9505
13.65,-1.93455,-13.4407,-1.6549,0.819675,4.26549,-1.55119,10.9856
13.7,-1.88641,-13.2287,-1.73264,1.05793,4.22104,-1.55797,11.0327
13.75,-1.82644,-13.0193,-1.81089,1.29341,4.16405,-1.57026,11.0917
13.8,-1.75479,-12.8132,-1.88992,1.52539,4.09451,-1.58841,11.1624
13.85,-1.67167,-12.6108,-1.97005,1.75309,4.01247,-1.61274,11.2447
13.9,-1.57732,-12.413,-2.05158,1.97571,3.91799,-1.64354,11.3382
13.95,-1.472,-12.2203,-2.13486,2.19244,3.81115,-1.6811,11.4428
14,-1.35605,-12.0332,-2.22022,2.4024,3.69209,-1.72567,11.5581
14.05,-1.22983,-11.8525,-2.30803,2.60472,3.56094,-1.77746,11.6837
14.1,-1.09375,-11.6787,-2.39865,2.79848,3.41788,-1.83668,11.8193
14.15,-0.948257,-11.5124,-2.49245,2.98271,3.26309,-1.90349,11.9643
14.2,-0.793865,-11.3542,-2.58983,3.15644,3.0968,-1.97802,12.1183
14.25,-0.631129,-11.2046,-2.69117,3.31863,2.91925,-2.06038,12.2808
14.3,-0.460658,-11.0643,-2.79687,3.4682,2.73069,-2.15062,12.4511
14.35,-0.283116,-10.9337,-2.90731,3.60402,2.53141,-2.24873,12.6285
14.4,-0.0992259,-10.8134,-3.0229,3.72492,2.32171,-2.35468,12.8124
14.45,0.090229,-10.7038,-3.14401,3.82964,2.10193,-2.46834,13.002
14.5,0.2844,-10.6056,-3.27103,3.91685,1.87244,-2.58952,13.1963
14.55,0.48237,-10.5191,-3.40433,3.98515,1.63364,-2.71792,13.3946
14.6,0.683149,-10.4448,-3.54426,4.03306,1.38597,-2.85314,13.5958
14.65,0.885671,-10.3832,-3.69114,4.05898,1.12995,-2.99466,13.7989
14.7,1.08879,-10.3346,-3.84526,4.06122,0.86618,-3.1418,14.0027
14.75,1.29126,-10.2993,-4.00689,4.03799,0.595344,-3.2937,14.2059
14.8,1.49175,-10.2779,-4.17623,3.9874,0.31828,-3.44929,14.4073
14.85,1.68884,-10.2704,-4.35343,3.90745,0.0359908,-3.60728,14.6055
14.9,1.881,-10.2772,-4.53856,3.79606,-0.250298,-3.76611,14.7988
14.95,2.0666,-10.2983,-4.73161,3.65111,-0.539086,-3.92391,14.9857
15,2.24388,-10.334,-4.93246,3.47045,-0.82853,-4.07848,15.1645
15.05,2.411,-10.3841,-5.14087,3.25199,-1.11637,-4.22724,15.3333
15.1,2.56602,-10.4484,-5.35648,2.99376,-1.39985,-4.36724,15.4901
15.15,2.70689,-10.5267,-5.57873,2.69405,-1.67564,-4.4951,15.6329
15.2,2.83149,-10.6185,-5.80692,2.35154,-1.93974,-4.60702,15.7597
15.25,2.93766,-10.723,-6.04011,1.96549,-2.18741,-4.69884,15.8681
15.3,3.02322,-10.8392,-6.27718,1.53597,-2.41316,-4.76601,15.9561
15.35,3.08603,-10.9659,-6.51674,1.06412,-2.6107,-4.80374,16.0215
15.4,3.12403,-11.1015,-6.75717,0.552454,-2.77303,-4.80707,16.0622
15.45,3.13537,-11.2439,-6.99661,0.00515238,-2.89255,-4.77109,16.0763
15.5,3.11843,-11.3908,-7.23295,-0.571632,-2.96132,-4.69112,16.0622
15.55,3.07197,-11.5394,-7.46386,-1.16952,-2.97141,-4.56304,16.0186
15.6,2.99527,-11.6866,-7.68684,-1.77776,-2.91535,-4.38356,15.9447
15.65,2.88817,-11.8288,-7.89925,-2.3832,-2.78676,-4.15059,15.8403
15.7,2.75129,-11.9623,-8.09838,-2.97048,-2.58101,-3.86361,15.7059
15.75,2.58603,-12.0831,-8.28158,-3.52246,-2.2959,-3.52396,15.5429
15.8,2.3947,-12.1873,-8.4463,-4.02091,-1.93233,-3.13507,15.3534
15.85,2.18054,-12.2711,-8.59024,-4.44744,-1.49478,-2.70264,15.1407
15.9,1.94766,-12.331,-8.71145,-4.78465,-0.991577,-2.23454,14.9087
15.95,1.701,-12.364,-8.80844,-5.01731,-0.434805,-1.74063,14.6624
16,1.44616,-12.368,-8.88026,-5.1336,0.160129,-1.2324,14.4073
16.05,1.18921,-12.3416,-8.92656,-5.12602,0.775287,-0.722373,14.1495
16.1,0.936419,-12.2843,-8.94764,-4.9921,1.39127,-0.223477,13.8952
16.15,0.694058,-12.1967,-8.94444,-4.73456,1.98844,0.251643,13.6507
16.2,0.46809,-12.0803,-8.91851,-4.36114,2.54817,0.691305,13.4222
16.25,0.263963,-11.9375,-8.87192,-3.88395,3.0539,1.08536,13.215
16.3,0.0864101,-11.7714,-8.80722,-3.31849,3.49202,1.42561,13.034
16.35,-0.0606804,-11.5856,-8.72727,-2.68254,3.85232,1.70607,12.8832
16.4,-0.174349,-11.3844,-8.6352,-1.99499,4.12815,1.923,12.7657
16.45,-0.252585,-11.172,-8.53424,-1.27476,4.3163,2.07486,12.6836
16.5,-0.294302,-10.9528,-8.42762,-0.539937,4.41659,2.16207,12.6381
16.55,-0.299275,-10.7312,-8.31854,0.192897,4.43134,2.18669,12.6294
16.6,-0.268052,-10.5113,-8.21001,0.909064,4.36478,2.15211,12.6572
16.65,-0.201852,-10.2971,-8.10488,1.59596,4.22247,2.06272,12.7201
16.7,-0.102463,-10.092,-8.00573,2.24307,4.0108,1.92357,12.8166
16.75,0.027861,-9.89949,-7.91489,2.84181,3.73652,1.74009,12.9443
16.8,0.186488,-9.72236,-7.8344,3.38528,3.40646,1.51794,13.1008
16.85,0.370488,-9.56322,-7.76604,3.86806,3.0273,1.26279,13.283
16.9,0.576692,-9.42436,-7.71128,4.28585,2.60542,0.98024,13.4877
16.95,0.801746,-9.30771,-7.67132,4.63526,2.14689,0.675798,13.7118
17,1.04215,-9.21493,-7.64711,4.91352,1.65746,0.354846,13.9516
17.05,1.29427,-9.14741,-7.63929,5.11835,1.14261,0.0226734,14.2035
17.1,1.55437,-9.10626,-7.64829,5.24775,0.607717,-0.315468,14.4638
17.15,1.81863,-9.09231,-7.67424,5.29992,0.0581202,-0.654298,14.7287
17.2,2.08315,-9.10615,-7.71701,5.27324,-0.500685,-0.988425,14.9942
17.25,2.34393,-9.14805,-7.7762,5.1663,-1.06289,-1.31228,15.2564
17.3,2.59692,-9.21799,-7.85112,4.97793,-1.62218,-1.62002,15.5112
17.35,2.83803,-9.31564,-7.94079,4.70744,-2.1716,-1.90551,15.7544
17.4,3.06315,-9.44026,-8.04389,4.35478,-2.70334,-2.16228,15.9821
17.45,3.26819,-9.59071,-8.1588,3.92088,-3.20867,-2.38355,16.19
17.5,3.44916,-9.76539,-8.28353,3.40803,-3.67786,-2.56231,16.3741
17.55,3.60222,-9.96216,-8.41573,2.82034,-4.1002,-2.69144,16.5306
17.6,3.72381,-10.1783,-8.55272,2.16416,-4.46422,-2.76398,16.6559
17.65,3.81076,-10.4107,-8.69146,1.44862,-4.75794,-2.77341,16.7467
17.7,3.86048,-10.6553,-8.82864,0.685971,-4.96947,-2.71404,16.8004
17.75,3.87104,-10.9077,-8.96066,-0.108112,-5.08768,-2.58153,16.815
17.8,3.84145,-11.163,-9.0838,-0.91456,-5.10311,-2.37334,16.7894
17.85,3.77174,-11.4157,-9.19424,-1.71121,-5.00898,-2.08926,16.7234
17.9,3.66312,-11.6604,-9.28827,-2.47353,-4.80227,-1.73187,16.6183
17.95,3.51808,-11.8915,-9.36237,-3.17575,-4.48458,-1.30682,16.4763
18,3.3404,-12.1034,-9.4134,-3.79239,-4.06276,-0.822908,16.3011
18.05,3.13508,-12.2915,-9.43878,-4.30001,-3.5491,-0.291938,16.0976
18.1,2.90816,-12.4516,-9.43657,-4.67902,-2.96094,0.271762,15.8719
18.15,2.66653,-12.5805,-9.4056,-4.91528,-2.31972,0.852055,15.6306
18.2,2.41758,-12.6765,-9.34557,-5.00129,-1.64952,1.43193,15.3813
18.25,2.16886,-12.7387,-9.25699,-4.93669,-0.975374,1.99454,15.1314
18.3,1.92773,-12.7677,-9.14121,-4.72811,-0.321387,2.5242,14.8885
18.35,1.70102,-12.7652,-9.0003,-4.38839,0.290854,3.00727,14.6593
18.4,1.49478,-12.7338,-8.83692,-3.93514,0.843543,3.43282,14.4501
18.45,1.31408,-12.6769,-8.6542,-3.3892,1.3234,3.79298,14.2661
18.5,1.16287,-12.5985,-8.45557,-2.77288,1.72186,4.08305,14.1113
18.55,1.04401,-12.5026,-8.24458,-2.10847,2.03487,4.30131,13.9887
18.6,0.959265,-12.3937,-8.02481,-1.41691,2.26227,4.44868,13.9002
18.65,0.909418,-12.276,-7.79973,-0.716982,2.40699,4.52824,13.8467
18.7,0.894396,-12.1533,-7.57258,-0.0247476,2.47424,4.54469,13.8281
18.75,0.913406,-12.0294,-7.34636,0.646635,2.47066,4.50387,13.8438
18.8,0.965086,-11.9077,-7.12372,1.28685,2.40367,4.41222,13.8925
18.85,1.04764,-11.791,-6.90702,1.88819,2.28086,4.27648,13.9723
18.9,1.15894,-11.6819,-6.69826,2.4452,2.10966,4.10329,14.0811
18.95,1.29667,-11.5826,-6.49911,2.95435,1.897,3.89904,14.2168
19,1.45837,-11.4951,-6.31095,3.41357,1.64921,3.66969,14.3767
19.05,1.6415,-11.4208,-6.13486,3.82199,1.37197,3.42066,14.5584
19.1,1.84353,-11.3612,-5.97169,4.17954,1.07027,3.15686,14.7593
19.15,2.06193,-11.3173,-5.82204,4.4868,0.748469,2.88264,14.9769
19.2,2.2942,-11.2899,-5.68632,4.74468,0.410385,2.60183,15.2086
19.25,2.53791,-11.2799,-5.56474,4.95434,0.0593477,2.31783,15.4521
19.3,2.7907,-11.2877,-5.45738,5.11706,-0.301708,2.0336,15.7049
19.35,3.05024,-11.3138,-5.36417,5.23412,-0.670167,1.75181,15.9647
19.4,3.3143,-11.3585,-5.28491,5.30679,-1.04366,1.47481,16.2293
19.45,3.5807,-11.422,-5.2193,5.33626,-1.41999,1.20478,16.4964
19.5,3.8473,-11.5043,-5.16694,5.32367,-1.79708,0.94374,16.7639
19.55,4.11204,-11.6054,-5.1273,5.27008,-2.17292,0.693609,17.0298
19.6,4.37289,-11.7253,-5.09979,5.17651,-2.54553,0.456275,17.292
19.65,4.62789,-11.8636,-5.08372,5.04395,-2.91287,0.233615,17.5485
19.7,4.87513,-12.0201,-5.07829,4.87343,-3.27287,0.0275369,17.7974
19.75,5.11272,-12.1943,-5.08262,4.66605,-3.62337,-0.160003,18.0368
19.8,5.33887,-12.3857,-5.09572,4.42302,-3.96209,-0.326986,18.2649
19.85,5.55184,-12.5936,-5.11649,4.14579,-4.28659,-0.471338,18.48
19.9,5.74996,-12.8172,-5.14375,3.83605,-4.59435,-0.590939,18.6803
19.95,5.93168,-13.0556,-5.17619,3.49587,-4.88266,-0.683657,18.8644
20,6.09553,-13.3079,-5.21241,3.12772,-5.14874,-0.747395,19.0306
20.05,6.24022,-13.5726,-5.25089,2.73461,-5.38971,-0.780153,19.1777
20.1,6.36459,-13.8486,-5.29003,2.3201,-5.60267,-0.780109,19.3046
20.15,6.4677,-14.1343,-5.32814,1.88837,-5.78479,-0.74571,19.4102
20.2,6.54884,-14.4282,-5.36347,1.44425,-5.9334,-0.675783,19.4938
20.25,6.60754,-14.7284,-5.39422,0.993198,-6.0461,-0.569639,19.555
20.3,6.64363,-15.0331,-5.41858,0.541253,-6.12089,-0.427186,19.5935
20.35,6.65726,-15.3404,-5.43473,0.0949297,-6.15634,-0.249031,19.6094
20.4,6.64893,-15.6482,-5.44094,-0.338927,-6.1517,-0.0365578,19.6032
20.45,6.61946,-15.9546,-5.43556,-0.753348,-6.10701,0.208019,19.5757
20.5,6.57003,-16.2576,-5.41705,-1.14148,-6.02322,0.481645,19.5281
20.55,6.50215,-16.5553,-5.3841,-1.49686,-5.9022,0.780458,19.4618
20.6,6.41764,-16.8458,-5.33557,-1.8137,-5.74677,1.09987,19.3786
20.65,6.31857,-17.1277,-5.27058,-2.08715,-5.56059,1.43472,19.2805
20.7,6.20723,-17.3995,-5.18853,-2.31356,-5.34806,1.77941,19.17
20.75,6.08604,-17.6599,-5.0891,-2.49062,-5.11416,2.12817,19.0493
20.8,5.9575,-17.9082,-4.97226,-2.61747,-4.8642,2.47525,18.9209
20.85,5.82411,-18.1436,-4.83826,-2.69478,-4.60361,2.81513,18.7875
20.9,5.68829,-18.3658,-4.68762,-2.72458,-4.33773,3.14281,18.6514
20.95,5.55233,-18.5747,-4.52107,-2.71019,-4.07156,3.4539,18.5149
21,5.41829,-18.7704,-4.33956,-2.65601,-3.80963,3.7448,18.3801
21.05,5.28803,-18.9532,-4.14419,-2.56724,-3.55584,4.0128,18.249
21.1,5.16309,-19.1237,-3.93615,-2.44962,-3.31341,4.25606,18.1231
21.15,5.04475,-19.2825,-3.71671,-2.3092,-3.08484,4.47365,18.0036
21.2,4.93394,-19.4302,-3.48718,-2.15207,-2.8719,4.66541,17.8917
21.25,4.83135,-19.5679,-3.24881,-1.98417,-2.67575,4.83195,17.7879
21.3,4.73732,-19.6962,-3.00284,-1.81112,-2.49694,4.97445,17.6927
21.35,4.65196,-19.8162,-2.75043,-1.6381,-2.33554,5.09455,17.6062
21.4,4.57513,-19.9286,-2.49264,-1.4698,-2.19119,5.19423,17.5283
21.45,4.50647,-20.0342,-2.23041,-1.31035,-2.06325,5.27567,17.4586
21.5,4.44542,-20.1339,-1.96461,-1.16336,-1.95081,5.34112,17.3966
21.55,4.39126,-20.2285,-1.69595,-1.03192,-1.85279,5.39282,17.3416
21.6,4.34314,-20.3185,-1.42507,-0.918667,-1.76801,5.43284,17.2927
21.65,4.30008,-20.4047,-1.15248,-0.825786,-1.69518,5.4631,17.2491
21.7,4.261,-20.4876,-0.878633,-0.755116,-1.63299,5.48521,17.2095
21.75,4.22475,-20.5676,-0.603889,-0.708174,-1.58005,5.5005,17.1729
21.8,4.19011,-20.6452,-0.32856,-0.68621,-1.53497,5.5099,17.138
21.85,4.15578,-20.7208,-0.0529217,-0.690233,-1.49632,5.51398,17.1036
21.9,4.12045,-20.7946,0.222765,-0.721043,-1.4626,5.51288,17.0683
21.95,4.08277,-20.8668,0.498236,-0.77923,-1.43227,5.50634,17.0308
22,4.04134,-20.9375,0.773198,-0.865167,-1.4037,5.49362,16.9897
22.05,3.99478,-21.0069,1.04731,-0.978986,-1.37514,5.47357,16.9435
22.1,3.94169,-21.0747,1.32016,-1.12053,-1.34473,5.4446,16.891
22.15,3.88071,-21.1409,1.59124,-1.28929,-1.31046,5.40474,16.8306
22.2,3.81049,-21.2053,1.85994,-1.48434,-1.27016,5.35161,16.7612
22.25,3.72978,-21.2674,2.12552,-1.70421,-1.22151,5.28253,16.6813
22.3,3.63737,-21.3267,2.38709,-1.94685,-1.16204,5.1946,16.5898
22.35,3.53223,-21.3827,2.64362,-2.20946,-1.08918,5.08475,16.4856
22.4,3.41344,-21.4345,2.89392,-2.48845,-1.00027,4.94992,16.3678
22.45,3.28033,-21.4814,3.13665,-2.77931,-0.892726,4.7872,16.2357
22.5,3.13246,-21.5223,3.37034,-3.07664,-0.764085,4.594,16.0889
22.55,2.96969,-21.556,3.5934,-3.37409,-0.61218,4.36827,15.9271
22.6,2.79223,-21.5814,3.80416,-3.66446,-0.435304,4.10869,15.7505
22.65,2.60067,-21.5972,4.00092,-3.93984,-0.232386,3.81488,15.5597
22.7,2.39601,-21.6021,4.18198,-4.19181,-0.00317901,3.48758,15.3556
22.75,2.17967,-21.5947,4.34571,-4.41178,0.251592,3.12878,15.1396
22.8,1.95352,-21.5738,4.49064,-4.59133,0.530106,2.74178,14.9136
22.85,1.7198,-21.5384,4.6155,-4.72267,0.829404,2.33119,14.6798
22.9,1.48115,-21.4875,4.71927,-4.79899,1.14541,1.90283,14.4408
22.95,1.24047,-21.4205,4.80126,-4.81496,1.47306,1.46349,14.1994
23,1.0009,-21.3368,4.86115,-4.76701,1.80651,1.02073,13.9588
23.05,0.765692,-21.2365,4.899,-4.65354,2.13938,0.582443,13.7222
23.1,0.538112,-21.1197,4.91528,-4.47507,2.46515,0.15657,13.493
23.15,0.321344,-20.987,4.91084,-4.23415,2.77742,-0.249335,13.2743
23.2,0.118384,-20.8393,4.88688,-3.93519,3.07026,-0.628414,13.0692
23.25,-0.068038,-20.6776,4.84493,-3.58413,3.33846,-0.974792,12.8804
23.3,-0.235528,-20.5034,4.78676,-3.1881,3.57774,-1.28377,12.7103
23.35,-0.382071,-20.3181,4.71436,-2.75497,3.78483,-1.55195,12.5611
23.4,-0.506059,-20.1236,4.62983,-2.29297,3.9575,-1.7772,12.4344
23.45,-0.606293,-19.9215,4.53535,-1.81026,4.09453,-1.95867,12.3314
23.5,-0.681974,-19.7135,4.4331,-1.31464,4.19557,-2.09658,12.253
23.55,-0.732676,-19.5017,4.32524,-0.813324,4.26103,-2.19213,12.1996
23.6,-0.75831,-19.2876,4.21383,-0.312763,4.29192,-2.24728,12.1714
23.65,-0.759086,-19.0729,4.1008,0.181446,4.28968,-2.26452,12.1681
23.7,-0.735468,-18.8593,3.98797,0.664567,4.25605,-2.24675,12.1894
23.75,-0.688128,-18.6483,3.877,1.13271,4.19295,-2.19707,12.2346
23.8,-0.617914,-18.4412,3.76939,1.58275,4.10235,-2.11865,12.3028
23.85,-0.525805,-18.2395,3.66649,2.01225,3.98624,-2.01458,12.393
23.9,-0.412886,-18.0443,3.56947,2.41937,3.84654,-1.88785,12.5043
23.95,-0.280321,-17.8567,3.47941,2.80271,3.6851,-1.74122,12.6353
24,-0.129327,-17.6778,3.3972,3.16129,3.50364,-1.57723,12.785
24.05,0.038833,-17.5086,3.32366,3.49438,3.30377,-1.39812,12.9521
24.1,0.22287,-17.3498,3.25947,3.80149,3.08698,-1.20589,13.1352
24.15,0.421472,-17.2024,3.20524,4.08222,2.85465,-1.00225,13.333
24.2,0.633312,-17.067,3.1615,4.33625,2.60807,-0.78867,13.5443
24.25,0.857044,-16.9443,3.1287,4.56329,2.34843,-0.566392,13.7676
24.3,1.09131,-16.835,3.10725,4.76301,2.07684,-0.336456,14.0017
24.35,1.33473,-16.7396,3.0975,4.93501,1.79436,-0.0997428,14.245
24.4,1.58591,-16.6586,3.09978,5.0788,1.50197,0.142994,14.4963
24.45,1.84342,-16.5925,3.11435,5.19377,1.20064,0.391083,14.7541
24.5,2.10579,-16.5418,3.14147,5.27918,0.891273,0.643892,15.0169
24.55,2.37152,-16.5067,3.18135,5.3341,0.574776,0.900777,15.2832
24.6,2.63905,-16.4876,3.23419,5.35746,0.252039,1.16103,15.5515
24.65,2.90678,-16.4848,3.30012,5.348,-0.076032,1.42382,15.8202
24.7,3.173,-16.4986,3.37923,5.30426,-0.4085,1.68813,16.0875
24.75,3.43597,-16.529,3.47158,5.22459,-0.744366,1.9527,16.3517
24.8,3.69384,-16.5764,3.57712,5.10718,-1.08253,2.21595,16.6111
24.85,3.94464,-16.6407,3.69573,4.95004,-1.42176,2.4759,16.8635
24.9,4.18635,-16.722,3.82718,4.75109,-1.76059,2.73007,17.107
24.95,4.4168,-16.8201,3.97109,4.50819,-2.09733,2.97546,17.3394
25,4.63373,-16.935,4.12691,4.21923,-2.42988,3.20842,17.5585
25.05,4.83477,-17.0663,4.29389,3.88228,-2.75572,3.42461,17.7619
25.1,5.01749,-17.2136,4.47105,3.49576,-3.07175,3.61895,17.9472
25.15,5.17937,-17.3763,4.65712,3.05865,-3.37422,3.78561,18.1118
25.2,5.31787,-17.5536,4.85053,2.57081,-3.6586,3.91802,18.2532
25.25,5.43048,-17.7445,5.04934,2.03328,-3.91955,4.00902,18.3688
25.3,5.51479,-17.9476,5.25126,1.44869,-4.15089,4.05096,18.4564
25.35,5.56857,-18.1611,5.4536,0.821649,-4.34565,4.03604,18.5135
25.4,5.5899,-18.3831,5.6533,0.159176,-4.49628,3.95669,18.5382
25.45,5.57729,-18.6111,5.84691,-0.528985,-4.59496,3.80604,18.529
25.5,5.52983,-18.8423,6.0307,-1.23016,-4.63407,3.57857,18.4849
25.55,5.44732,-19.0734,6.20072,-1.92873,-4.60683,3.27073,18.4056
25.6,5.33043,-19.3011,6.35291,-2.60648,-4.50801,2.88169,18.2917
25.65,5.1808,-19.5216,6.48326,-3.24323,-4.33478,2.41386,18.1448
25.7,5.00111,-19.7312,6.58802,-3.81785,-4.08737,1.87336,17.9674
25.75,4.79509,-19.9263,6.66381,-4.30966,-3.76962,1.27017,17.7632
25.8,4.56746,-20.1036,6.70792,-4.69996,-3.38921,0.617873,17.5368
25.85,4.32376,-20.2603,6.71836,-4.9736,-2.95739,-0.0668722,17.2936
25.9,4.07016,-20.3942,6.69408,-5.12039,-2.48836,-0.765339,17.0399
25.95,3.81314,-20.504,6.63497,-5.13598,-1.99826,-1.45792,16.7821
26,3.55925,-20.589,6.54192,-5.02227,-1.50389,-2.12547,16.5268
26.05,3.31473,-20.6497,6.41669,-4.78708,-1.02141,-2.75059,16.2803
26.1,3.08529,-20.6869,6.26186,-4.44331,-0.565194,-3.31868,16.0484
26.15,2.87586,-20.7025,6.08064,-4.00761,-0.146992,-3.81869,15.8361
26.2,2.69049,-20.6985,5.87665,-3.4989,0.224558,-4.24348,15.6476
26.25,2.53223,-20.6775,5.65377,-2.93685,0.543997,-4.58976,15.486
26.3,2.40318,-20.6421,5.41593,-2.34055,0.808816,-4.85778,15.3535
26.35,2.30451,-20.5951,5.16696,-1.72749,1.01899,-5.05076,15.2514
26.4,2.23659,-20.5393,4.91046,-1.11288,1.17643,-5.1742,15.1802
26.45,2.19912,-20.477,4.64968,-0.509312,1.28436,-5.23519,15.1396
26.5,2.19123,-20.4107,4.38753,0.0733098,1.34685,-5.24174,15.1287
26.55,2.21165,-20.3426,4.12646,0.627628,1.36832,-5.20224,15.1464
26.6,2.2588,-20.2745,3.86853,1.14856,1.35324,-5.125,15.1911
26.65,2.33091,-20.2081,3.61539,1.63292,1.30593,-5.01793,15.2611
26.7,2.4261,-20.145,3.3683,2.07911,1.23036,-4.88831,15.3543
26.75,2.54244,-20.0864,3.1282,2.48671,1.13016,-4.74269,15.469
26.8,2.67801,-20.0335,2.89571,2.8562,1.00853,-4.58682,15.6032
26.85,2.83094,-19.9872,2.6712,3.18865,0.868286,-4.42565,15.7549
26.9,2.99941,-19.9484,2.45478,3.48555,0.711904,-4.26337,15.9225
26.95,3.18172,-19.9179,2.24643,3.74862,0.541534,-4.10347,16.1041
27,3.3762,-19.8962,2.04592,3.97963,0.359057,-3.9488,16.298
27.05,3.58132,-19.884,1.85293,4.1804,0.166127,-3.80166,16.5028
27.1,3.79562,-19.8817,1.66702,4.35263,-0.0357954,-3.66387,16.717
27.15,4.01772,-19.8898,1.48768,4.49793,-0.245406,-3.53682,16.9391
27.2,4.24631,-19.9085,1.31435,4.61775,-0.461533,-3.42156,17.1678
27.25,4.48016,-19.9382,1.14641,4.71337,-0.683111,-3.31882,17.4019
27.3,4.71809,-19.9791,0.983209,4.78592,-0.909167,-3.22908,17.6403
27.35,4.95899,-20.0315,0.824102,4.83634,-1.1388,-3.15262,17.8817
27.4,5.20176,-20.0954,0.668418,4.86542,-1.37118,-3.08951,18.1252
27.45,5.44536,-20.1709,0.51549,4.87375,-1.60552,-3.03966,18.3695
27.5,5.68877,-20.2583,0.364664,4.8618,-1.84109,-3.00283,18.6138
27.55,5.93098,-20.3574,0.215297,4.82985,-2.0772,-2.97864,18.857
27.6,6.171,-20.4684,0.0667744,4.77807,-2.31319,-2.96658,19.098
27.65,6.40784,-20.5911,-0.0814925,4.70644,-2.54843,-2.96599,19.336
27.7,6.64049,-20.7255,-0.230054,4.61484,-2.78231,-2.97608,19.5699
27.75,6.86796,-20.8716,-0.379415,4.50301,-3.01424,-2.99589,19.7987
27.8,7.08922,-21.0292,-0.530031,4.37054,-3.24361,-3.02433,20.0213
27.85,7.30323,-21.1982,-0.682293,4.21695,-3.46984,-3.06007,20.2368
27.9,7.5089,-21.3784,-0.836522,4.04162,-3.6923,-3.10161,20.444
27.95,7.70514,-21.5696,-0.992958,3.84388,-3.91032,-3.1472,20.6419
28,7.8908,-21.7715,-1.15174,3.62299,-4.12318,-3.19485,20.8293
28.05,8.06471,-21.9839,-1.31291,3.37821,-4.33006,-3.24227,21.005
28.1,8.22563,-22.2064,-1.47638,3.10881,-4.53001,-3.28687,21.1678
28.15,8.37234,-22.4387,-1.64192,2.81419,-4.72196,-3.32575,21.3165
28.2,8.50354,-22.6803,-1.80915,2.4939,-4.90462,-3.35565,21.4497
28.25,8.61796,-22.9307,-1.97751,2.14777,-5.07649,-3.37301,21.5663
28.3,8.71429,-23.1894,-2.14626,1.77602,-5.23581,-3.37396,21.6648
28.35,8.79129,-23.4556,-2.31446,1.37937,-5.38057,-3.35437,21.744
28.4,8.84775,-23.7285,-2.48096,0.959207,-5.50845,-3.30994,21.8028
28.45,8.88254,-24.0073,-2.64437,0.517725,-5.61684,-3.23631,21.8399
28.5,8.8947,-24.2908,-2.80312,0.0580531,-5.70294,-3.12921,21.8544
28.55,8.88344,-24.5779,-2.9554,-0.415618,-5.76373,-2.98466,21.8455
28.6,8.84821,-24.8672,-3.09924,-0.897956,-5.79619,-2.79921,21.8126
28.65,8.78877,-25.1571,-3.2325,-1.38247,-5.79739,-2.57021,21.7554
28.7,8.70524,-25.4462,-3.35297,-1.8616,-5.7647,-2.29609,21.6739
28.75,8.59813,-25.7325,-3.45837,-2.32683,-5.69603,-1.97659,21.5688
28.8,8.46841,-26.0143,-3.54647,-2.76905,-5.59004,-1.61304,21.4409
28.85,8.31751,-26.2896,-3.61514,-3.17889,-5.44638,-1.20847,21.2915
28.9,8.14734,-26.5567,-3.66247,-3.54725,-5.26588,-0.767683,21.1227
28.95,7.9602,-26.8136,-3.68684,-3.8658,-5.05061,-0.297142,20.9365
29,7.75882,-27.0589,-3.687,-4.12759,-4.80391,0.195233,20.7358
29.05,7.54619,-27.291,-3.66211,-4.32752,-4.53028,0.700437,20.5234
29.1,7.32549,-27.5087,-3.61183,-4.46275,-4.23516,1.20885,20.3027
29.15,7.09999,-27.7112,-3.53629,-4.53289,-3.92464,1.71076,20.0768
29.2,6.87289,-27.8979,-3.43608,-4.54007,-3.6051,2.19694,19.849
29.25,6.6472,-28.0684,-3.31226,-4.48873,-3.28283,2.6591,19.6223
29.3,6.42567,-28.223,-3.16623,-4.38536,-2.96372,3.09033,19.3995
29.35,6.21067,-28.3618,-2.99971,-4.23796,-2.65296,3.48533,19.1831
29.4,6.00412,-28.4855,-2.81463,-4.05554,-2.35485,3.84061,18.9749
29.45,5.8075,-28.5947,-2.61302,-3.8476,-2.07274,4.15435,18.7766
29.5,5.6218,-28.6903,-2.39697,-3.62364,-1.80895,4.42639,18.5892
29.55,5.44753,-28.7734,-2.16855,-3.39271,-1.56487,4.65789,18.4132
29.6,5.2848,-28.8448,-1.92971,-3.16313,-1.34105,4.85108,18.2488
29.65,5.13332,-28.9057,-1.68229,-2.94232,-1.13733,5.00895,18.0957
29.7,4.99245,-28.9569,-1.42794,-2.73662,-0.952953,5.13493,17.9533
29.75,4.86127,-28.9995,-1.16816,-2.55134,-0.786728,5.23257,17.8208
29.8,4.73862,-29.0343,-0.904252,-2.39077,-0.637126,5.30533,17.6969
29.85,4.62318,-29.0621,-0.637374,-2.25825,-0.502373,5.35636,17.5804
29.9,4.51345,-29.0835,-0.368525,-2.15626,-0.38053,5.38834,17.4698
29.95,4.40786,-29.0991,-0.098593,-2.08655,-0.269534,5.40336,17.3635
30,4.30476,-29.1095,0.17162,-2.05014,-0.167236,5.40286,17.2599
30.05,4.20247,-29.115,0.441363,-2.04748,-0.0714155,5.38758,17.1573
30.1,4.0993,-29.1158,0.7099,-2.07838,0.0202079,5.35752,17.0539
30.15,3.9936,-29.1121,0.976476,-2.14207,0.109975,5.31204,16.9482
30.2,3.88376,-29.1039,1.24028,-2.23717,0.20028,5.24984,16.8384
30.25,3.76828,-29.0911,1.50043,-2.36162,0.293568,5.16907,16.7232
30.3,3.64577,-29.0735,1.75592,-2.51262,0.392308,5.06745,16.6011
30.35,3.51501,-29.0507,2.00564,-2.68655,0.498964,4.9424,16.4707
30.4,3.37497,-29.0223,2.24834,-2.87891,0.615937,4.79126,16.3312
30.45,3.22491,-28.9877,2.48263,-3.08427,0.745486,4.61147,16.1817
30.5,3.06434,-28.9461,2.70701,-3.29631,0.889626,4.40081,16.0216
30.55,2.89317,-28.8969,2.91989,-3.50779,1.05,4.15772,15.851
30.6,2.71164,-28.8391,3.11962,-3.71076,1.22775,3.88149,15.6698
30.65,2.52044,-28.7719,3.30455,-3.89674,1.42335,3.57252,15.4789
30.7,2.32067,-28.6945,3.4731,-4.05703,1.63649,3.23253,15.2793
30.75,2.11388,-28.6058,3.62379,-4.18308,1.866,2.86465,15.0725
30.8,1.90203,-28.5052,3.75537,-4.26691,2.10974,2.47346,14.8604
30.85,1.68744,-28.3921,3.86684,-4.30157,2.36466,2.06491,14.6452
30.9,1.47273,-28.2661,3.95755,-4.28155,2.62687,1.64606,14.4297
30.95,1.26077,-28.1268,4.02721,-4.20312,2.89181,1.22485,14.2167
31,1.05453,-27.9743,4.07596,-4.06458,3.15448,0.80967,14.009
31.05,0.85701,-27.8089,4.10434,-3.86631,3.40966,0.408926,13.8099
31.1,0.671139,-27.631,4.11334,-3.61079,3.65227,0.0306344,13.6221
31.15,0.499653,-27.4416,4.10428,-3.30231,3.87754,-0.317981,13.4485
31.2,0.34503,-27.2415,4.07884,-2.94671,4.08127,-0.630799,13.2916
31.25,0.209421,-27.032,4.03896,-2.55096,4.26001,-0.903013,13.1536
31.3,0.0946064,-26.8143,3.98678,-2.12273,4.41108,-1.13124,13.0362
31.35,0.00197053,-26.59,3.92457,-1.66997,4.53264,-1.31349,12.941
31.4,-0.0674965,-26.3605,3.85464,-1.20054,4.62365,-1.44913,12.869
31.45,-0.113187,-26.1274,3.77931,-0.721916,4.68373,-1.53865,12.8207
31.5,-0.134851,-25.8922,3.70086,-0.240941,4.71313,-1.58352,12.7966
31.55,-0.132555,-25.6565,3.62145,0.236279,4.71254,-1.58592,12.7965
31.6,-0.10665,-25.4216,3.54312,0.704455,4.68301,-1.54853,12.8201
31.65,-0.0577255,-25.1891,3.46778,1.1591,4.62582,-1.47434,12.8669
31.7,0.0134268,-24.9602,3.39717,1.59649,4.54241,-1.36644,12.9361
31.75,0.10585,-24.7362,3.33289,2.01355,4.43428,-1.22788,13.0267
31.8,0.21845,-24.5183,3.27638,2.40779,4.30296,-1.06159,13.1377
31.85,0.350023,-24.3077,3.22894,2.77714,4.14995,-0.870229,13.2679
31.9,0.499272,-24.1053,3.19177,3.11986,3.97673,-0.656215,13.4159
31.95,0.664817,-23.9122,3.16592,3.43444,3.7847,-0.421652,13.5804
32,0.845211,-23.7292,3.15236,3.71947,3.57519,-0.16835,13.76
32.05,1.03893,-23.5571,3.15199,3.97354,3.34951,0.102153,13.9531
32.1,1.24439,-23.3968,3.16563,4.1952,3.10886,0.388551,14.1581
32.15,1.45992,-23.2489,3.19404,4.38283,2.85442,0.689713,14.3734
32.2,1.68376,-23.1142,3.23791,4.53458,2.58734,1.00461,14.5972
32.25,1.91406,-22.9931,3.29793,4.64836,2.30872,1.33222,14.8277
32.3,2.14885,-22.8863,3.37467,4.72174,2.01969,1.67144,15.0629
32.35,2.38602,-22.7942,3.46869,4.75193,1.72138,2.02095,15.3007
32.4,2.62332,-22.7173,3.58045,4.73575,1.41502,2.37904,15.5389
32.45,2.85833,-22.656,3.71031,4.66963,1.10193,2.74352,15.775
32.5,3.08844,-22.6104,3.85852,4.54966,0.783663,3.11148,16.0065
32.55,3.31082,-22.5808,4.02513,4.37162,0.462043,3.47908,16.2305
32.6,3.52245,-22.5674,4.20999,4.13114,0.139335,3.8414,16.444
32.65,3.72006,-22.5701,4.41264,3.82387,-0.181605,4.19214,16.6438
32.7,3.90021,-22.5887,4.63229,3.4458,-0.497131,4.52349,16.8264
32.75,4.05923,-22.6228,4.86767,2.9937,-0.802586,4.82593,16.9883
32.8,4.19338,-22.6716,5.11702,2.46565,-1.09207,5.08819,17.1255
32.85,4.29885,-22.7343,5.37794,1.86181,-1.35824,5.2973,17.2343
32.9,4.37192,-22.8094,5.64736,1.18525,-1.59217,5.43886,17.311
32.95,4.40916,-22.895,5.92142,0.442942,-1.78339,5.49763,17.3521
33,4.40761,-22.9885,6.19555,-0.35327,-1.92017,5.45834,17.3546
33.05,4.36507,-23.0869,6.4644,-1.18582,-1.99012,5.30698,17.3161
33.1,4.28042,-23.1864,6.72202,-2.03096,-1.9812,5.03235,17.2354
33.15,4.1539,-23.2829,6.96203,-2.8589,-1.88314,4.62788,17.1126
33.2,3.98739,-23.3717,7.1779,-3.63482,-1.68914,4.09337,16.9494
33.25,3.78463,-23.4478,7.36332,-4.32091,-1.39761,3.43656,16.7494
33.3,3.55125,-23.5065,7.51265,-4.87938,-1.01364,2.67389,16.5181
33.35,3.29467,-23.5435,7.6213,-5.27623,-0.549656,1.83036,16.2627
33.4,3.0238,-23.5555,7.68618,-5.48506,-0.0251195,0.93819,15.9919
33.45,2.74856,-23.54,7.70594,-5.49042,0.534963,0.034405,15.7158
33.5,2.47924,-23.4962,7.68118,-5.28977,1.10251,-0.842419,15.4446
33.55,2.22589,-23.4245,7.61434,-4.89382,1.64931,-1.65563,15.1884
33.6,1.99763,-23.3268,7.50958,-4.32498,2.14993,-2.37364,14.9566
33.65,1.8022,-23.206,7.37242,-3.61448,2.58389,-2.97226,14.7569
33.7,1.6456,-23.0659,7.20934,-2.79865,2.93694,-3.43585,14.5957
33.75,1.53198,-22.9107,7.02733,-1.91527,3.20122,-3.75736,14.4773
33.8,1.4636,-22.7451,6.83351,-1.00031,3.37463,-3.93742,14.4041
33.85,1.44108,-22.5735,6.63475,-0.0857363,3.45964,-3.98283,14.3769
33.9,1.46358,-22.4001,6.43749,0.801762,3.4619,-3.90473,14.395
33.95,1.52908,-22.2289,6.24748,1.64116,3.38893,-3.7169,14.4565
34,1.63468,-22.0634,6.06976,2.41679,3.24903,-3.43426,14.5586
34.05,1.77686,-21.9067,5.90864,3.11759,3.05055,-3.07171,14.6977
34.1,1.95164,-21.7615,5.76766,3.73622,2.80132,-2.64337,14.87
34.15,2.15476,-21.63,5.64975,4.26807,2.50847,-2.16211,15.0711
34.2,2.3818,-21.5144,5.55718,4.71039,2.1783,-1.63942,15.2967
34.25,2.62822,-21.4162,5.49172,5.06149,1.8163,-1.08542,15.5421
34.3,2.88942,-21.337,5.45466,5.32017,1.42734,-0.509124,15.8029
34.35,3.16076,-21.2779,5.44688,5.48524,1.01575,0.0812716,16.0743
34.4,3.43751,-21.2399,5.46883,5.55524,0.585537,0.677996,16.3516
34.45,3.71485,-21.2239,5.52061,5.52823,0.140642,1.27326,16.63
34.5,3.98787,-21.2305,5.6019,5.40182,-0.314853,1.8588,16.9046
34.55,4.25152,-21.2601,5.71193,5.17329,-0.776408,2.42542,17.1702
34.6,4.50061,-21.3128,5.84946,4.83987,-1.2387,2.96257,17.4218
34.65,4.72982,-21.3885,6.01264,4.39928,-1.69524,3.45798,17.654
34.7,4.93375,-21.4866,6.19898,3.85042,-2.13798,3.89743,17.8614
34.75,5.10701,-21.6062,6.40519,3.19434,-2.55697,4.26471,18.0385
34.8,5.24436,-21.7457,6.62714,2.43545,-2.94005,4.54187,18.1801
34.85,5.3409,-21.9029,6.85975,1.58291,-3.2728,4.70987,18.2812
34.9,5.3924,-22.0748,7.09699,0.652051,-3.53888,4.74973,18.3376
34.95,5.39557,-22.2576,7.33192,-0.334311,-3.72081,4.64418,18.3457
35,5.34856,-22.4465,7.55686,-1.34513,-3.8014,4.37984,18.3036
35.05,5.25127,-22.636,7.76361,-2.34123,-3.76589,3.94973,18.211
35.1,5.1058,-22.82,7.94392,-3.27681,-3.60441,3.35573,18.0697
35.15,4.91666,-22.992,8.08991,-4.10234,-3.31462,2.61051,17.8841
35.2,4.69081,-23.1459,8.19472,-4.76915,-2.90368,1.73847,17.6609
35.25,4.43751,-23.276,8.25302,-5.23473,-2.3891,0.775029,17.4091
35.3,4.1678,-23.3779,8.26154,-5.4682,-1.79785,-0.235738,17.1396
35.35,3.8938,-23.4489,8.21937,-5.45455,-1.16377,-1.24504,16.8647
35.4,3.62786,-23.4878,8.12805,-5.19663,-0.523662,-2.20416,16.5965
35.45,3.38166,-23.4955,7.99144,-4.71449,0.0870408,-3.06928,16.3471
35.5,3.16542,-23.4743,7.81532,-4.04227,0.63807,-3.80536,16.1268
35.55,2.98738,-23.428,7.60691,-3.22333,1.10686,-4.38851,15.9441
35.6,2.85346,-23.3611,7.37427,-2.30489,1.47948,-4.80661,15.8051
35.65,2.76725,-23.2786,7.12573,-1.33315,1.75018,-5.05841,15.7137
35.7,2.73012,-23.1856,6.86941,-0.349602,1.9199,-5.15151,15.6715
35.75,2.74161,-23.087,6.61284,0.611099,1.99438,-5.09983,15.6782
35.8,2.79974,-22.9873,6.36274,1.52198,1.98227,-4.92113,15.732
35.85,2.90139,-22.8906,6.12488,2.36347,1.89354,-4.63478,15.8298
35.9,3.04268,-22.8003,5.90407,3.12245,1.73835,-4.26007,15.9677
35.95,3.21924,-22.7195,5.70416,3.79101,1.5263,-3.81509,16.1415
36,3.42639,-22.6509,5.52819,4.3651,1.26603,-3.31606,16.3464
36.05,3.65938,-22.5964,5.37843,4.8433,0.965141,-2.77708,16.5778
36.1,3.9134,-22.5581,5.25649,5.2258,0.630165,-2.21017,16.8307
36.15,4.1837,-22.5374,5.16347,5.51361,0.266726,-1.62552,17.1005
36.2,4.46558,-22.5356,5.09998,5.70788,-0.120302,-1.03187,17.3823
36.25,4.75439,-22.5537,5.06625,5.80956,-0.526595,-0.436884,17.6716
36.3,5.04552,-22.5926,5.06211,5.81915,-0.948183,0.152292,17.9636
36.35,5.33437,-22.653,5.08708,5.73655,-1.38122,0.728626,18.2538
36.4,5.61631,-22.7353,5.1403,5.56118,-1.82178,1.2847,18.5376
36.45,5.88668,-22.8397,5.22049,5.29214,-2.26557,1.81232,18.8102
36.5,6.14075,-22.9662,5.32597,4.9285,-2.70767,2.30207,19.0669
36.55,6.3738,-23.1147,5.45452,4.46988,-3.14225,2.74314,19.3031
36.6,6.58108,-23.2845,5.60335,3.91706,-3.56223,3.12307,19.5138
36.65,6.75797,-23.4746,5.76898,3.27284,-3.95908,3.4279,19.6945
36.7,6.90004,-23.6836,5.9472,2.54307,-4.3226,3.64245,19.8407
36.75,7.00331,-23.9095,6.13304,1.73771,-4.64095,3.75098,19.9483
36.8,7.06443,-24.1496,6.32072,0.871943,-4.90097,3.73834,20.014
36.85,7.08098,-24.4006,6.50379,-0.0330352,-5.08889,3.59139,20.0352
36.9,7.05181,-24.6585,6.67523,-0.949632,-5.1914,3.30088,20.0105
36.95,6.97733,-24.9186,6.82773,-1.84429,-5.19727,2.86342,19.9402
37,6.85976,-25.176,6.95406,-2.67896,-5.09913,2.28341,19.8265
37.05,6.70329,-25.4252,7.04743,-3.41364,-4.89528,1.57428,19.6732
37.1,6.51409,-25.6613,7.10205,-4.01,-4.59099,0.758963,19.4863
37.15,6.30009,-25.8794,7.11353,-4.43542,-4.19899,-0.131039,19.2738